Book,Storage
Atlas Shrugged: Part II,6
Soldier of Orange (a.k.a. Survival Run) (Soldaat van Oranje),16
Spider-Man: The Ultimate Villain Showdown,5
The Losers,5
Alone (Issiz adam),9
Queen of the Damned,1
Flodder,20
And You Thought Your Parents Were Weird,4
Cabin Fever: Patient Zero,11
Beyond the Sea,14
Jay-Z: Made in America,4
In My Skin (Dans ma Peau),18
Gojoe: Spirit War Chronicle (Gojo reisenki: Gojoe),6
Phffft,15
Homicide,14
Martha Marcy May Marlene,2
Worth Winning,14
Dead Set,15
Whity,10
White Lightning,9
Remember Me,19
Love Stinks,9
Jarhead,8
Ray,7
Ingeborg Holm,12
Teknolust,15
Bernard and Doris,1
Aerial Gunner,3
Disraeli,7
School Ties,15
Love and Bullets,9
Air America,5
Mixed Nuts,8
New York Lightboard Record,4
Uncovered,12
My Little Eye,8
Love Bites,3
Lesbian Vampire Killers,19
Lake Placid,18